Cabin Number,Cabin Type
12518,Balcony Cabin
12510,Balcony Cabin
11188,Balcony Superior Cabin
10260,Balcony Cabin
13103,Interior Cabin
13000,Seaview Suite
13662,Balcony Cabin
10188,Balcony Superior Cabin
10622,Balcony Superior Cabin
8052,Balcony Superior Cabin
10162,Balcony Cabin
10523,Interior Cabin
10062,Balcony Cabin
13656,Balcony Cabin
13076,Balcony Superior Cabin
11182,Balcony Superior Cabin
13730,Balcony Cabin
15008,Deluxe Suite
13652,Balcony Cabin
10506,Seaview Cabin
10768,Balcony Cabin (ADA)
10788,Balcony Cabin
10001,Interior Cabin
11630,Balcony Superior Cabin
11166,Balcony Cabin
10110,Balcony Cabin
13162,Balcony Cabin
12762,Balcony Cabin (ADA)
12752,Balcony Cabin
11516,Balcony Cabin
10526,Balcony Cabin
10013,Interior Cabin
11015,Interior Cabin
11007,Interior Cabin
12286,Grand Suite
5052,Seaview Cabin
15520,Superior Suite
12067,Interior Cabin
12056,Balcony Cabin
10202,Balcony Cabin
5507,Interior Cabin
10002,Seaview Cabin
10032,Balcony Cabin
11118,Balcony Superior Cabin
11508,Premier Suite
12636,Balcony Superior Cabin
10160,Balcony Cabin
12026,Balcony Cabin
12016,Balcony Cabin
15588,Junior Suite
11058,Balcony Cabin
12101,Interior Superior Cabin (ADA)
9610,Balcony Cabin
13180,Balcony Cabin
12610,Balcony Cabin
13086,Balcony Superior Cabin
10118,Balcony Superior Cabin
10608,Balcony Cabin
13226,Balcony Cabin
10112,Balcony Cabin
13728,Grand Suite
13097,Interior Cabin
8568,Balcony Cabin
12015,Interior Cabin
12672,Balcony Superior Cabin
11529,Interior Cabin
10278,Balcony Cabin
13006,Superior Suite
11181,Interior Cabin
12172,Balcony Superior Cabin
13160,Balcony Cabin
13098,Balcony Cabin
13692,Balcony Cabin
9806,Balcony Cabin
10036,Balcony Cabin
13058,Balcony Cabin
11201,Interior Superior Cabin (ADA)
11022,Balcony Cabin
16028,Signature Suite
12620,Balcony Superior Cabin
9156,Balcony Superior Cabin
12010,Balcony Cabin
10003,Interior Cabin
11298,Balcony Cabin (ADA)
13202,Balcony Cabin
12030,Balcony Cabin
11106,Balcony Cabin
5520,Seaview Cabin
8086,Balcony Cabin
11192,Balcony Superior Cabin
9526,Balcony Cabin
13096,Balcony Cabin
10021,Interior Cabin
13110,Balcony Cabin
12211,Interior Superior Cabin (ADA)
15028,Deluxe Suite
10100,Balcony Cabin
10226,Balcony Cabin
13612,Balcony Cabin
8078,Balcony Cabin
11258,Balcony Cabin
13550,Superior Suite
9017,Interior Cabin
9258,Balcony Cabin
15075,Interior Cabin
12500,Seaview Cabin
11013,Interior Cabin
9206,Balcony Cabin
9577,Interior Cabin
17028,Superior Suite
11576,Balcony Cabin
8538,Balcony Superior Cabin
13672,Balcony Cabin
13673,Interior Cabin
11271,Interior Cabin
9052,Balcony Cabin
11726,Balcony Cabin
12021,Interior Cabin
10529,Interior Cabin
12003,Interior Cabin
10158,Balcony Cabin
12217,Interior Cabin
11266,Balcony Cabin (ADA)
10268,Balcony Cabin (ADA)
13632,Balcony Superior Cabin
12076,Balcony Cabin
12712,Balcony Cabin
12690,Balcony Superior Cabin
10736,Balcony Cabin
10005,Interior Cabin
13732,Balcony Cabin
8530,Balcony Superior Cabin
9560,Balcony Cabin
11278,Balcony Cabin
12112,Balcony Superior Cabin
11738,Balcony Cabin
10068,Balcony Cabin
11183,Interior Cabin
10056,Balcony Cabin
13070,Balcony Superior Cabin
10758,Balcony Cabin
10050,Balcony Cabin
11563,Interior Cabin
11232,Balcony Cabin
15580,Superior Suite
12108,Balcony Cabin
10660,Balcony Cabin
15596,Balcony Cabin
15512,Deluxe Suite
12058,Balcony Cabin
10206,Balcony Cabin
13158,Balcony Cabin
13028,Superior Suite
5500,Seaview Superior Cabin
10025,Interior Cabin
13186,Balcony Cabin
12002,Seaview Cabin
10078,Balcony Cabin
10019,Interior Cabin
11128,Balcony Superior Cabin
13068,Balcony Superior Cabin
13078,Balcony Superior Cabin
9565,Interior Cabin
11518,Balcony Cabin
10563,Interior Cabin
11038,Balcony Cabin
13596,Balcony Cabin
10010,Balcony Cabin
13182,Balcony Cabin
12576,Balcony Cabin
8562,Balcony Cabin
9698,Balcony Superior Cabin
11000,Seaview Cabin (ADA)
12216,Balcony Cabin
10190,Balcony Superior Cabin
13658,Balcony Cabin
15392,Superior Suite
11228,Balcony Cabin
13072,Balcony Superior Cabin
11110,Balcony Cabin
9003,Interior Cabin
15030,Deluxe Suite
9260,Balcony Cabin
12037,Interior Cabin
10610,Balcony Cabin
10092,Balcony Cabin
13206,Balcony Cabin (ADA)
10220,Balcony Cabin
12277,Interior Cabin
11179,Interior Cabin
11612,Balcony Cabin
12592,Balcony Cabin
13528,Superior Suite
12156,Balcony Cabin
12558,Balcony Cabin
10571,Interior Cabin
9172,Balcony Cabin
12586,Balcony Cabin
12730,Balcony Cabin
5502,Seaview Superior Cabin
11080,Balcony Cabin
13020,Superior Suite
8500,Interior Cabin
12596,Balcony Cabin
12000,Seaview Cabin (ADA)
9032,Balcony Cabin
11279,Interior Cabin
8005,Interior Cabin
9037,Interior Cabin
9066,Balcony Cabin
13089,Interior Cabin
12009,Interior Cabin
11090,Balcony Cabin
10587,Interior Cabin
12151,Interior Cabin
13200,Balcony Cabin
10212,Balcony Cabin
13232,Balcony Cabin
9708,Balcony Cabin
10266,Balcony Cabin
10172,Balcony Cabin
15510,Deluxe Suite
11736,Balcony Cabin
11019,Interior Cabin
10236,Balcony Cabin
15096,Junior Suite
10030,Balcony Cabin
9035,Interior Cabin
10602,Balcony Cabin
11260,Balcony Cabin
17118,Superior Suite
12202,Balcony Cabin
10126,Balcony Superior Cabin
9005,Interior Cabin
11565,Interior Cabin
13198,Balcony Cabin
10792,Balcony Cabin
10232,Balcony Cabin
5028,Seaview Cabin
15076,Superior Suite
15516,Deluxe Suite
10582,Balcony Cabin
10550,Balcony Cabin
13001,Interior Cabin
15092,Balcony Cabin
12138,Balcony Superior Cabin
12106,Balcony Cabin
11273,Interior Cabin
13566,Balcony Superior Cabin
,Balcony Superior Cabin
12232,Balcony Cabin
12107,Interior Cabin
13702,Balcony Cabin
10590,Balcony Cabin
10708,Balcony Cabin
5088,Seaview Cabin
11031,Interior Cabin
9802,Balcony Cabin
12259,Interior Cabin
5072,Seaview Cabin
10272,Balcony Cabin
5036,Seaview Cabin
10572,Balcony Cabin
12590,Balcony Cabin
10752,Balcony Cabin
10568,Balcony Cabin
13122,Balcony Superior Cabin
13606,Balcony Cabin
10698,Balcony Cabin
12666,Balcony Cabin
5058,Seaview Cabin
12262,Balcony Cabin (ADA)
11620,Balcony Superior Cabin
12012,Balcony Cabin
10088,Balcony Cabin
10016,Balcony Cabin
10098,Balcony Cabin
13062,Balcony Cabin
11189,Interior Cabin
10581,Interior Cabin
11006,Seaview Cabin
12279,Interior Superior Cabin (ADA)
11027,Interior Cabin
9019,Interior Cabin
9250,Balcony Cabin
10620,Balcony Superior Cabin
12027,Interior Cabin
13668,Balcony Cabin
12066,Balcony Cabin
10170,Balcony Cabin
10502,Seaview Cabin
10116,Balcony Cabin
12092,Balcony Cabin
12580,Balcony Cabin
10528,Balcony Cabin
9792,Balcony Cabin
11001,Interior Cabin
12716,Balcony Cabin
9308,Balcony Cabin (ADA)
17088,Superior Suite
10718,Balcony Cabin
13556,Balcony Cabin
13112,Balcony Cabin
13010,Superior Suite
11500,Seaview Cabin
9672,Balcony Cabin
12170,Balcony Cabin
10216,Balcony Cabin
10527,Interior Cabin
9000,Seaview Cabin (ADA)
12070,Balcony Cabin
13680,Balcony Cabin
11096,Balcony Cabin
9276,Balcony Cabin
13520,Superior Suite
13017,Interior Cabin
10009,Interior Cabin
10606,Balcony Cabin
12738,Balcony Cabin
12000,Seaview Cabin (ADA)
12272,Balcony Cabin
12007,Interior Cabin
13168,Balcony Cabin
11168,Balcony Cabin
11269,Interior Cabin
15550,Superior Suite
11226,Balcony Cabin
9001,Interior Cabin
13116,Balcony Superior Cabin
13005,Interior Cabin
13726,Balcony Cabin
12183,Interior Cabin
10168,Balcony Cabin
10130,Balcony Superior Cabin
10011,Interior Cabin
12188,Balcony Superior Cabin
10070,Balcony Cabin
11559,Interior Cabin
10575,Interior Cabin
10090,Balcony Cabin
8096,Balcony Cabin
10150,Balcony Superior Cabin
10576,Balcony Cabin
12760,Balcony Cabin
5026,Seaview Superior Cabin
13152,Balcony Cabin
11201,Interior Superior Cabin (ADA)
11132,Balcony Superior Cabin
12101,Interior Superior Cabin (ADA)
10702,Balcony Cabin
10208,Balcony Cabin
12221,Interior Cabin
11672,Balcony Cabin
12728,Balcony Cabin
10262,Balcony Cabin
11032,Balcony Cabin
13166,Balcony Cabin
11202,Balcony Cabin
11086,Balcony Cabin
13522,Superior Suite
13003,Interior Cabin
12088,Balcony Cabin
10676,Balcony Cabin
10531,Interior Cabin
12028,Balcony Cabin
10750,Balcony Cabin
10596,Balcony Cabin
15382,Superior Suite
8518,Balcony Superior Cabin
5565,Interior Cabin
11172,Balcony Cabin
10567,Interior Cabin
10120,Balcony Superior Cabin
10186,Balcony Superior Cabin
9630,Balcony Superior Cabin
,
10007,Interior Cabin
10532,Balcony Cabin
9050,Balcony Cabin
13105,Interior Cabin
10198,Balcony Cabin
10250,Balcony Cabin
12281,Interior Cabin
10132,Balcony Superior Cabin
15010,Deluxe Suite
10552,Balcony Cabin
12626,Balcony Superior Cabin
12068,Balcony Cabin
12570,Balcony Cabin
13060,Balcony Cabin
11522,Balcony Cabin
12215,Interior Cabin
11676,Balcony Superior Cabin
13560,Balcony Cabin
10120,Balcony Superior Cabin
13626,Balcony Superior Cabin
9536,Balcony Cabin
9552,Balcony Cabin
10020,Balcony Cabin
11798,Balcony Cabin
8090,Balcony Cabin
13018,Superior Suite
11712,Balcony Cabin
15518,Deluxe Suite
9762,Balcony Cabin
10700,Balcony Cabin
8558,Balcony Cabin
11295,Interior Cabin
10578,Balcony Cabin
10710,Balcony Cabin
15522,Superior Suite
12602,Balcony Cabin
8015,Interior Cabin
9162,Balcony Cabin
12502,Seaview Cabin
15592,Grand Suite
10210,Balcony Cabin
11658,Balcony Cabin
13222,Balcony Cabin
11016,Balcony Cabin
12726,Balcony Cabin
12508,Premier Suite
13518,Superior Suite
10058,Balcony Cabin
15598,Superior Suite
10000,Seaview Cabin (ADA)
13079,Interior Cabin
12152,Balcony Cabin
10559,Interior Cabin
12052,Balcony Cabin
11156,Balcony Cabin
12212,Balcony Cabin
9302,Balcony Cabin
10288,Balcony Cabin
10022,Balcony Cabin
12123,Interior Cabin
10082,Balcony Cabin
5079,Interior Cabin
15063,Interior Cabin
10006,Seaview Cabin
15036,Deluxe Suite
8030,Balcony Superior Cabin
10258,Balcony Cabin
11796,Balcony Cabin
13722,Balcony Cabin
5060,Seaview Cabin
12160,Balcony Cabin
9200,Balcony Cabin
10128,Balcony Superior Cabin
12011,Interior Cabin
9800,Grand Suite
8016,Balcony Cabin
5022,Seaview Superior Cabin
13683,Interior Cabin
15590,Junior Suite
15398,Superior Suite
10800,Balcony Superior Cabin (ADA)
10052,Balcony Cabin
12530,Balcony Cabin
13212,Balcony Cabin
11012,Balcony Cabin
12218,Balcony Cabin
10012,Balcony Cabin
15386,Superior Suite
12292,Balcony Cabin (ADA)
11591,Interior Cabin
10556,Balcony Cabin
12122,Balcony Superior Cabin
12105,Interior Cabin
5026,Seaview Superior Cabin
13598,Balcony Cabin
11136,Balcony Superior Cabin
12173,Interior Cabin
15088,Junior Suite
13123,Interior Cabin
11150,Balcony Superior Cabin
11078,Balcony Cabin
15078,Superior Suite
11060,Balcony Cabin
11170,Balcony Cabin
12290,Balcony Cabin
11187,Interior Cabin
13106,Balcony Cabin
11052,Balcony Cabin
10252,Balcony Cabin
9112,Balcony Cabin
10008,Premier Suite
8076,Balcony Cabin
10218,Balcony Cabin
11706,Balcony Cabin
12560,Balcony Cabin
12678,Balcony Superior Cabin
15006,Deluxe Suite
11177,Interior Cabin
9102,Balcony Cabin
11592,Balcony Cabin
12102,Balcony Cabin
9226,Balcony Cabin
12118,Balcony Superior Cabin
12200,Balcony Cabin
10297,Interior Cabin
11009,Interior Cabin
12095,Interior Cabin
9626,Balcony Superior Cabin
9606,Balcony Cabin
15086,Junior Suite
10182,Balcony Superior Cabin
13108,Balcony Cabin
12229,Interior Cabin
11191,Interior Cabin
12077,Interior Cabin
11082,Balcony Cabin
11118,Balcony Superior Cabin
10072,Balcony Cabin
12225,Interior Cabin
13602,Balcony Cabin
11003,Interior Cabin
10588,Balcony Cabin
10690,Balcony Superior Cabin
8020,Balcony Superior Cabin
13681,Interior Cabin
11527,Interior Cabin
12606,Balcony Cabin
10080,Balcony Cabin
10557,Interior Cabin
11668,Balcony Cabin
11728,Balcony Cabin
15536,Deluxe Suite
12091,Interior Cabin
10520,Balcony Cabin
13700,Balcony Cabin
11162,Balcony Cabin
15020,Superior Suite
13710,Balcony Cabin
5098,Seaview Cabin
12612,Balcony Superior Cabin
8100,Balcony Cabin
12093,Interior Superior Cabin (ADA)
11197,Interior Cabin
11788,Balcony Cabin
13052,Superior Suite
10018,Balcony Cabin
11602,Balcony Cabin
5022,Seaview Superior Cabin
10122,Balcony Superior Cabin
8528,Balcony Superior Cabin
10518,Balcony Cabin
10192,Balcony Superior Cabin
13502,Premier Family Suite
8058,Balcony Cabin
11566,Balcony Cabin
8009,Interior Cabin
10797,Interior Cabin
9166,Balcony Cabin
10638,Balcony Superior Cabin
11062,Balcony Cabin
5587,Interior Cabin
12222,Balcony Cabin
8512,Balcony Cabin
5070,Seaview Cabin
11195,Interior Cabin
11512,Balcony Cabin
10270,Balcony Cabin
5581,Interior Cabin
5011,Interior Cabin
5568,Seaview Cabin
11732,Balcony Cabin
11597,Interior Cabin
10222,Balcony Cabin
12050,Balcony Cabin
11698,Balcony Cabin
12206,Balcony Cabin
13077,Interior Cabin
12220,Balcony Cabin
11696,Balcony Cabin
10282,Balcony Cabin
11520,Balcony Cabin
12210,Balcony Cabin
12208,Balcony Cabin
11297,Interior Cabin
13083,Interior Cabin
11036,Balcony Cabin
8011,Interior Cabin
8106,Balcony Cabin
11210,Balcony Cabin
9186,Balcony Superior Cabin
11772,Balcony Cabin
8082,Balcony Cabin
12660,Balcony Cabin
9580,Balcony Cabin
13170,Balcony Cabin
12089,Interior Cabin
10569,Interior Cabin
15530,Deluxe Suite
15538,Deluxe Suite
10028,Balcony Cabin
13172,Balcony Cabin
11028,Balcony Cabin
10579,Interior Cabin
13686,Balcony Cabin
10066,Balcony Cabin
15098,Junior Suite
10538,Balcony Cabin
10592,Balcony Cabin
13566,Balcony Superior Cabin
13066,Balcony Superior Cabin
10558,Balcony Cabin
10577,Interior Cabin
13220,Balcony Cabin
12053,Interior Cabin
13706,Balcony Cabin (ADA)
12018,Balcony Cabin
10776,Balcony Cabin
12231,Interior Cabin
12097,Interior Cabin
10228,Balcony Cabin
5062,Seaview Cabin
13132,Balcony Superior Cabin
10553,Interior Cabin
11025,Interior Cabin
12063,Interior Cabin
13075,Interior Cabin
10017,Interior Cabin
11525,Interior Cabin
12190,Balcony Superior Cabin
13568,Balcony Superior Cabin
12036,Balcony Cabin
12073,Interior Cabin
13135,Interior Cabin
12532,Balcony Cabin
10561,Interior Cabin
11199,Interior Cabin
12069,Interior Cabin
13071,Interior Cabin
13120,Balcony Superior Cabin
5023,Interior Cabin
12792,Balcony Cabin
10108,Balcony Cabin
11573,Interior Cabin
13188,Balcony Cabin
12186,Balcony Superior Cabin
10200,Balcony Cabin
12236,Balcony Cabin
12211,Interior Superior Cabin (ADA)
5563,Interior Cabin
10076,Balcony Cabin
13600,Balcony Cabin
11616,Balcony Superior Cabin
12506,Seaview Cabin
15032,Deluxe Suite
11029,Interior Cabin
8050,Balcony Superior Cabin
13138,Balcony Cabin
11002,Seaview Cabin
15071,Interior Cabin
11152,Balcony Superior Cabin
10521,Interior Cabin
10508,Premier Suite
9508,Premier Suite
12100,Balcony Cabin
12736,Balcony Cabin
12266,Balcony Cabin
15532,Deluxe Suite
12161,Interior Cabin
12019,Interior Cabin
15065,Interior Cabin
13688,Balcony Cabin
16018,Signature Suite
8012,Balcony Cabin
10180,Balcony Superior Cabin
12062,Balcony Cabin
10772,Balcony Cabin
11593,Interior Cabin
9776,Balcony Cabin
15066,Superior Suite
10026,Balcony Cabin
9077,Interior Cabin
9216,Balcony Cabin
10102,Balcony Cabin
9530,Balcony Cabin
10176,Balcony Cabin
12055,Interior Cabin
11072,Balcony Cabin
15570,Superior Suite
10038,Balcony Cabin
12022,Balcony Cabin
12051,Interior Cabin
9532,Balcony Cabin
15508,Deluxe Suite
11556,Balcony Cabin
13190,Balcony Cabin
12512,Balcony Cabin
13056,Balcony Cabin
10612,Balcony Cabin
17128,Superior Suite
10060,Balcony Cabin
13562,Balcony Cabin
11088,Balcony Cabin
13736,Balcony Cabin
10256,Balcony Cabin
11577,Interior Cabin
9152,Balcony Superior Cabin
11021,Interior Cabin
13013,Interior Cabin
15059,Interior Cabin
11660,Balcony Cabin
10031,Interior Cabin
13638,Balcony Cabin
10166,Balcony Cabin
12256,Balcony Cabin
9760,Balcony Cabin
11216,Balcony Cabin
12080,Balcony Cabin
8592,Balcony Cabin
9116,Balcony Cabin
12072,Balcony Cabin
12075,Interior Cabin
11722,Balcony Cabin
11616,Balcony Superior Cabin
12001,Interior Cabin
13002,Premier Family Suite
11285,Interior Cabin
8038,Balcony Superior Cabin
10726,Balcony Cabin
11768,Balcony Cabin
13007,Interior Cabin
11011,Interior Cabin
11112,Balcony Cabin
12135,Interior Cabin
15506,Deluxe Suite
15073,Interior Cabin
5097,Interior Cabin
11562,Balcony Cabin
13558,Balcony Cabin
13012,Superior Suite
9500,Seaview Cabin
9306,Balcony Cabin
10756,Balcony Cabin
9808,Balcony Cabin
10798,Balcony Cabin
12122,Balcony Superior Cabin
9006,Seaview Cabin
13608,Balcony Cabin
11005,Interior Cabin
10106,Balcony Cabin
12090,Balcony Cabin
10150,Balcony Superior Cabin
12770,Balcony Cabin
12171,Interior Cabin
12618,Balcony Superior Cabin
17038,Superior Suite
11581,Interior Cabin
8010,Interior Cabin
5015,Interior Cabin
10682,Balcony Superior Cabin
17328,Superior Suite
13099,Interior Cabin
12032,Balcony Cabin
12082,Balcony Cabin
5013,Interior Cabin
10630,Balcony Superior Cabin
11596,Balcony Cabin
11700,Balcony Cabin
9026,Balcony Cabin
15396,Superior Suite
13670,Balcony Cabin
12550,Balcony Cabin
10573,Interior Cabin
12085,Interior Cabin
10662,Balcony Cabin
10510,Balcony Cabin
11276,Balcony Cabin
5056,Seaview Cabin
13500,Seaview Suite
9036,Balcony Cabin
13538,Superior Suite
10738,Balcony Cabin
12039,Interior Cabin
9662,Balcony Cabin
9088,Balcony Cabin
11200,Balcony Cabin
13150,Balcony Cabin
12270,Balcony Cabin
10186,Balcony Superior Cabin
12087,Interior Cabin
11208,Balcony Cabin
12020,Balcony Cabin
13630,Balcony Superior Cabin
11098,Balcony Cabin
12238,Balcony Cabin
9090,Balcony Cabin
11173,Interior Cabin
11186,Balcony Superior Cabin
8110,Balcony Cabin
12600,Balcony Cabin
12732,Balcony Cabin
10086,Balcony Cabin
10296,Grand Suite
10536,Balcony Cabin
10015,Interior Cabin
10118,Balcony Superior Cabin
11268,Balcony Cabin
12578,Balcony Cabin
11100,Balcony Cabin
11600,Balcony Cabin
12782,Balcony Cabin
12658,Balcony Cabin
5591,Interior Cabin
10500,Seaview Cabin
10300,Balcony Superior Cabin (ADA)
12568,Balcony Cabin
5038,Seaview Cabin
13636,Balcony Cabin
9000,Seaview Cabin (ADA)
9588,Balcony Cabin
10096,Balcony Cabin
12167,Interior Cabin
5051,Interior Cabin
8590,Balcony Cabin
10658,Balcony Cabin
5086,Seaview Cabin
13667,Interior Superior Cabin (ADA)
12696,Balcony Cabin
13208,Balcony Cabin
12250,Balcony Cabin
11050,Balcony Cabin
5562,Seaview Cabin
11288,Balcony Cabin
10535,Interior Cabin
10591,Interior Cabin
10799,Interior Cabin
11196,Balcony Cabin
9170,Balcony Cabin
13216,Balcony Cabin
9118,Balcony Cabin
9266,Balcony Cabin
9538,Balcony Cabin
10670,Balcony Cabin
8036,Balcony Superior Cabin
13679,Interior Cabin
12528,Balcony Cabin
8066,Balcony Cabin
11262,Balcony Cabin
11076,Balcony Cabin
13718,Balcony Cabin
13230,Balcony Cabin
9058,Balcony Cabin
15068,Superior Suite
10533,Interior Cabin
10512,Balcony Cabin
11557,Interior Cabin
12710,Balcony Cabin
9686,Balcony Superior Cabin
13196,Balcony Cabin
9078,Balcony Cabin
10722,Balcony Cabin
11666,Balcony Cabin
11579,Interior Cabin
8578,Balcony Cabin
13682,Balcony Cabin
11287,Interior Cabin
9176,Balcony Cabin
12158,Balcony Cabin
13131,Interior Cabin
5050,Seaview Cabin
9070,Balcony Cabin
11778,Balcony Cabin
12078,Balcony Cabin
9558,Balcony Cabin
5556,Seaview Cabin
9023,Interior Cabin
12103,Interior Cabin
11692,Balcony Superior Cabin
12630,Balcony Superior Cabin
11532,Balcony Cabin
5030,Seaview Cabin
10136,Balcony Superior Cabin
12120,Balcony Superior Cabin
11638,Balcony Superior Cabin
9079,Interior Superior Cabin (ADA)
12706,Balcony Cabin
10138,Balcony Superior Cabin
12766,Balcony Cabin
12263,Interior Cabin
11606,Balcony Cabin
12162,Balcony Cabin
10299,Interior Cabin
10280,Balcony Cabin
15067,Interior Cabin
10598,Balcony Cabin
5093,Interior Cabin
12267,Interior Cabin
10196,Balcony Superior Cabin
8572,Balcony Cabin
5576,Seaview Cabin
10128,Balcony Superior Cabin
11158,Balcony Cabin
12722,Balcony Cabin
13102,Balcony Cabin
12061,Interior Cabin
12588,Balcony Cabin
9768,Balcony Cabin
13087,Interior Cabin
12278,Balcony Cabin
11230,Balcony Cabin
11289,Interior Cabin
12118,Balcony Superior Cabin
11267,Interior Cabin
15012,Deluxe Suite
12038,Balcony Cabin
10539,Interior Cabin
10027,Interior Cabin
10632,Balcony Superior Cabin
11030,Balcony Cabin
13616,Balcony Superior Cabin
10033,Interior Cabin
11792,Balcony Cabin
12228,Balcony Cabin
5078,Seaview Cabin
10760,Balcony Cabin
10626,Balcony Superior Cabin
15556,Superior Suite
15060,Superior Suite
5090,Seaview Cabin
12226,Balcony Cabin
12252,Balcony Cabin
12093,Interior Superior Cabin (ADA)
13115,Interior Superior Cabin (ADA)
13176,Balcony Cabin
12622,Balcony Superior Cabin
10290,Balcony Cabin
11786,Balcony Cabin
11130,Balcony Superior Cabin
10583,Interior Cabin
13586,Balcony Superior Cabin
10522,Balcony Cabin
5595,Interior Cabin
13009,Interior Cabin
13508,Superior Suite
9292,Balcony Cabin
10589,Interior Cabin
11222,Balcony Cabin
17288,Superior Suite
11560,Balcony Cabin
11766,Balcony Cabin (ADA)
8508,Interior Cabin
11662,Balcony Cabin
9030,Balcony Cabin
12698,Balcony Cabin
13590,Balcony Superior Cabin
12780,Balcony Cabin
10650,Balcony Superior Cabin
8072,Balcony Cabin
12552,Balcony Cabin
10023,Interior Cabin
10562,Balcony Cabin
11589,Interior Cabin
11292,Balcony Cabin
9158,Balcony Superior Cabin
11020,Balcony Cabin
13696,Balcony Cabin
9700,Balcony Cabin
8068,Balcony Cabin
13101,Interior Cabin
12566,Balcony Cabin
15582,Superior Suite
8019,Interior Cabin
13675,Interior Cabin
10138,Balcony Superior Cabin
9608,Balcony Cabin
8502,Interior Cabin
9620,Balcony Superior Cabin
10537,Interior Cabin
10286,Balcony Cabin
15552,Superior Suite
12110,Balcony Cabin
12562,Balcony Cabin
11175,Interior Cabin
5579,Interior Cabin
9086,Balcony Cabin
13667,Interior Superior Cabin (ADA)
11780,Balcony Cabin
12169,Interior Cabin
9067,Interior Superior Cabin (ADA)
13081,Interior Cabin
12750,Balcony Cabin
11502,Seaview Cabin
15528,Superior Suite
11510,Balcony Cabin
12137,Interior Cabin
11535,Interior Cabin
9256,Balcony Cabin
8536,Balcony Superior Cabin
13685,Interior Cabin
11108,Balcony Cabin
10238,Balcony Cabin
8098,Balcony Cabin
11526,Balcony Cabin
10029,Interior Cabin
12790,Balcony Cabin
11578,Balcony Cabin
9079,Interior Superior Cabin (ADA)
5569,Interior Cabin
11023,Interior Cabin
9063,Interior Cabin
10600,Balcony Cabin
12662,Balcony Cabin
9028,Balcony Cabin
12227,Interior Cabin
13050,Superior Suite
15390,Superior Suite
10668,Balcony Cabin
13133,Interior Cabin
9150,Balcony Superior Cabin
15388,Superior Suite
11680,Balcony Superior Cabin
13072,Balcony Superior Cabin
11281,Interior Cabin
8602,Balcony Cabin
9238,Balcony Cabin
13506,Superior Suite
9670,Balcony Cabin
12006,Seaview Cabin
12071,Interior Cabin
9010,Balcony Cabin
9272,Balcony Cabin
13650,Balcony Cabin
12276,Balcony Cabin
11160,Balcony Cabin
12682,Balcony Superior Cabin
10680,Balcony Superior Cabin
11283,Interior Cabin
8092,Balcony Cabin
11206,Balcony Cabin
11126,Balcony Superior Cabin
12756,Balcony Cabin
10616,Balcony Cabin
8038,Balcony Superior Cabin
12150,Balcony Superior Cabin
9563,Interior Cabin
12213,Interior Cabin
11198,Balcony Cabin
8000,Interior Cabin
12718,Balcony Cabin
5561,Interior Cabin
13156,Balcony Cabin
10706,Balcony Cabin
11008,Premier Suite
12778,Balcony Cabin
8070,Balcony Cabin
15566,Superior Suite
8026,Balcony Superior Cabin
8060,Balcony Cabin
9132,Balcony Superior Cabin
17068,Superior Suite
13100,Balcony Cabin
12192,Balcony Cabin
12168,Balcony Cabin
12116,Balcony Superior Cabin
12652,Balcony Cabin
13572,Balcony Superior Cabin
12096,Balcony Cabin
12128,Balcony Superior Cabin
13536,Superior Suite
11539,Interior Cabin
10636,Balcony Superior Cabin
13677,Interior Cabin
12608,Balcony Cabin
8017,Interior Cabin
9550,Balcony Cabin
10292,Balcony Cabin
13022,Superior Suite
11608,Balcony Cabin
9020,Balcony Cabin
8606,Balcony Cabin
8596,Balcony Cabin
13126,Balcony Superior Cabin
10555,Interior Cabin
12261,Interior Cabin
9222,Balcony Cabin
9582,Balcony Cabin
12692,Balcony Cabin
12628,Balcony Superior Cabin
13622,Balcony Superior Cabin
9702,Balcony Cabin
10300,Balcony Superior Cabin (ADA)
13093,Interior Cabin
13570,Balcony Superior Cabin
11618,Balcony Superior Cabin
10560,Balcony Cabin
11588,Balcony Cabin
10712,Balcony Cabin
9262,Balcony Cabin
13552,Superior Suite
11552,Balcony Cabin
12023,Interior Cabin
16038,Signature Suite
9025,Interior Cabin
9518,Balcony Cabin
12638,Balcony Superior Cabin
12260,Balcony Cabin
11550,Balcony Cabin
13236,Balcony Cabin (ADA)
10230,Balcony Cabin
12086,Balcony Cabin
9268,Balcony Cabin
12788,Balcony Cabin
5509,Interior Cabin
10770,Balcony Cabin
17008,Presidential Villa
10666,Balcony Cabin
11506,Seaview Cabin
11575,Interior Cabin
11185,Interior Cabin
12288,Balcony Cabin
17228,Superior Suite
12057,Interior Cabin
9678,Balcony Cabin
12268,Balcony Cabin
12616,Balcony Superior Cabin
12676,Balcony Superior Cabin
12258,Balcony Cabin
11026,Balcony Cabin
5511,Interior Cabin
11092,Balcony Cabin
10732,Balcony Cabin
12280,Balcony Cabin
10570,Balcony Cabin
12538,Balcony Cabin
9038,Balcony Cabin
11760,Balcony Cabin
13076,Balcony Superior Cabin
11296,Balcony Cabin
12121,Interior Cabin
,Superior Suite
12079,Interior Cabin
11070,Balcony Cabin
15572,Superior Suite (ADA)
9616,Balcony Cabin
11291,Interior Cabin
9520,Balcony Cabin
13712,Balcony Cabin
8610,Balcony Cabin
13080,Balcony Superior Cabin
5578,Seaview Cabin
12191,Interior Cabin
9778,Balcony Cabin
11212,Balcony Cabin
9039,Interior Cabin
12526,Balcony Cabin
13716,Balcony Cabin
9556,Balcony Cabin
9069,Interior Cabin
12708,Balcony Cabin
10796,Grand Suite
8108,Balcony Cabin
15500,Superior Suite
11277,Interior Cabin
12632,Balcony Superior Cabin
13137,Interior Superior Cabin (ADA)
5032,Seaview Cabin
12189,Interior Cabin
10525,Interior Cabin
13228,Grand Suite
12271,Interior Cabin
9628,Balcony Superior Cabin
12139,Interior Cabin
12536,Balcony Cabin
12269,Interior Cabin
10656,Balcony Superior Cabin
10565,Interior Cabin
12182,Balcony Superior Cabin
10516,Balcony Cabin
10790,Balcony Cabin
12130,Balcony Superior Cabin
11585,Interior Cabin
11238,Balcony Cabin
9098,Balcony Cabin
12520,Balcony Cabin
9510,Balcony Cabin
11571,Interior Cabin
12166,Balcony Cabin
12005,Interior Cabin
8088,Balcony Cabin
9106,Balcony Cabin
11018,Balcony Cabin
12153,Interior Cabin
13708,Balcony Cabin
15576,Superior Suite (ADA)
12017,Interior Cabin
9618,Balcony Cabin
11068,Balcony Cabin
12060,Balcony Cabin
12279,Interior Superior Cabin (ADA)
11580,Balcony Cabin
12155,Interior Cabin
13690,Balcony Cabin
8598,Balcony Cabin
9011,Interior Cabin
12688,Balcony Superior Cabin
13620,Balcony Superior Cabin
5550,Seaview Cabin
11280,Balcony Cabin
12159,Interior Cabin
17208,Presidential Villa
12195,Interior Cabin
11286,Balcony Cabin
10196,Balcony Superior Cabin
13026,Superior Suite
8600,Balcony Cabin
9018,Balcony Cabin
5001,Interior Cabin
13136,Balcony Cabin
17218,Superior Suite
11102,Balcony Cabin
9178,Balcony Cabin
12165,Interior Cabin
11272,Balcony Cabin
13008,Superior Suite
12013,Interior Cabin
11710,Balcony Cabin
8550,Balcony Superior Cabin
12120,Balcony Superior Cabin
10126,Balcony Superior Cabin
17138,Superior Suite
10566,Balcony Cabin
11171,Interior Cabin
11017,Interior Cabin
13118,Balcony Superior Cabin
13125,Interior Cabin
15038,Superior Suite
12129,Interior Cabin
13032,Superior Suite
9016,Balcony Cabin
12265,Interior Cabin
12516,Balcony Cabin
11256,Balcony Cabin
9730,Balcony Cabin
10132,Balcony Superior Cabin
9100,Balcony Cabin
11598,Balcony Cabin
13580,Balcony Superior Cabin
11180,Balcony Superior Cabin
10585,Interior Cabin
11776,Balcony Cabin
11572,Balcony Cabin
12273,Interior Cabin
15050,Superior Suite
12758,Balcony Cabin
12198,Balcony Cabin
12670,Balcony Cabin
8550,Balcony Superior Cabin
9512,Balcony Cabin
12702,Balcony Cabin
11138,Balcony Superior Cabin
9612,Balcony Cabin
12522,Balcony Cabin
15562,Superior Suite
11730,Balcony Cabin
11567,Interior Cabin
13090,Balcony Superior Cabin
10652,Balcony Superior Cabin
9096,Balcony Cabin
9190,Balcony Superior Cabin
12768,Balcony Cabin
9122,Balcony Superior Cabin
13671,Interior Cabin
12196,Balcony Cabin
12700,Balcony Cabin
10276,Balcony Cabin
10650,Balcony Superior Cabin
9168,Balcony Cabin
11752,Balcony Cabin
12219,Interior Cabin
9015,Interior Cabin
15069,Interior Cabin
15070,Superior Suite (ADA)
10652,Balcony Superior Cabin
12179,Interior Cabin
17018,Superior Suite
9586,Balcony Cabin
13669,Interior Cabin
5031,Interior Cabin
9270,Balcony Cabin
13516,Superior Suite
9056,Balcony Cabin
9576,Balcony Cabin
5505,Interior Cabin
12682,Balcony Superior Cabin
8021,Interior Cabin
13678,Balcony Cabin
11595,Interior Cabin
12772,Balcony Cabin
9027,Interior Cabin
12282,Balcony Cabin
8576,Balcony Cabin
13192,Balcony Cabin
9638,Balcony Superior Cabin
11218,Balcony Cabin
15016,Deluxe Suite
12223,Interior Cabin
9008,Premier Suite
15090,Grand Suite
10152,Balcony Superior Cabin
11590,Balcony Cabin
17238,Superior Suite
9002,Seaview Cabin
8566,Balcony Cabin
9579,Interior Cabin
9718,Balcony Cabin
13030,Superior Suite
13128,Balcony Superior Cabin
10620,Balcony Superior Cabin
5502,Seaview Superior Cabin
9782,Balcony Cabin
9758,Balcony Cabin
11652,Balcony Superior Cabin
11670,Balcony Cabin
8552,Balcony Superior Cabin
8006,Interior Cabin
8560,Balcony Cabin
10672,Balcony Cabin
12008,Premier Suite
12157,Interior Cabin
9029,Interior Cabin
9188,Balcony Superior Cabin
11270,Balcony Cabin
12163,Interior Cabin
15058,Superior Suite
9021,Interior Cabin
10618,Balcony Superior Cabin
10630,Balcony Superior Cabin
15502,Superior Suite
9716,Balcony Cabin
15052,Superior Suite
13526,Superior Suite
13082,Balcony Superior Cabin
13660,Balcony Cabin
11770,Balcony Cabin
12025,Interior Cabin
9076,Balcony Cabin
11762,Balcony Cabin
12656,Balcony Cabin
9569,Interior Cabin
10778,Balcony Cabin
15061,Interior Cabin
5089,Interior Cabin
10580,Balcony Cabin
10622,Balcony Superior Cabin
10716,Balcony Cabin
13117,Interior Cabin
12582,Balcony Cabin
9596,Balcony Cabin
11622,Balcony Superior Cabin
9772,Balcony Cabin
11220,Balcony Cabin
10530,Balcony Cabin
5506,Seaview Cabin
12065,Interior Cabin
13137,Interior Superior Cabin (ADA)
8080,Balcony Cabin
9666,Balcony Cabin
10586,Balcony Cabin
11656,Balcony Cabin
9108,Balcony Cabin
5512,Seaview Cabin
9522,Balcony Cabin
5560,Seaview Cabin
10551,Interior Cabin
13698,Balcony Cabin
11536,Balcony Cabin
9598,Balcony Cabin
8582,Balcony Cabin
11122,Balcony Superior Cabin
13610,Balcony Cabin
13218,Balcony Cabin
9788,Balcony Cabin
9726,Balcony Cabin
9682,Balcony Superior Cabin
10130,Balcony Superior Cabin
5106,Seaview Cabin
9736,Balcony Cabin
8580,Balcony Cabin
5551,Interior Cabin
13510,Superior Suite
12131,Interior Cabin
9033,Interior Cabin
11610,Balcony Cabin
13036,Superior Suite
11056,Balcony Cabin
9218,Balcony Cabin
10156,Balcony Superior Cabin
10780,Balcony Cabin
12136,Balcony Superior Cabin
13578,Balcony Superior Cabin
10766,Balcony Cabin
9022,Balcony Cabin
8586,Balcony Cabin
13092,Balcony Superior Cabin
9732,Balcony Cabin
13178,Balcony Cabin
11558,Balcony Cabin
9688,Balcony Superior Cabin
5017,Interior Cabin
5059,Interior Cabin
13676,Balcony Cabin
13016,Superior Suite
12180,Balcony Superior Cabin
13616,Balcony Superior Cabin
12126,Balcony Superior Cabin
11555,Interior Cabin
10628,Balcony Superior Cabin
13532,Superior Suite
12083,Interior Cabin
10730,Balcony Cabin
8028,Balcony Superior Cabin
10156,Balcony Superior Cabin
5082,Seaview Cabin
10298,Balcony Cabin
11586,Balcony Cabin
10178,Balcony Superior Cabin
8050,Balcony Superior Cabin
9570,Balcony Cabin
8516,Balcony Cabin
13687,Interior Cabin
11010,Balcony Cabin
11136,Balcony Superior Cabin
11570,Balcony Cabin
9567,Interior Cabin
9007,Interior Cabin
15082,Superior Suite
13118,Balcony Superior Cabin
5532,Seaview Cabin
8570,Balcony Cabin
12776,Balcony Cabin
9568,Balcony Cabin
13720,Balcony Cabin
13115,Interior Superior Cabin (ADA)
9160,Balcony Cabin
12133,Interior Cabin
17318,Superior Suite
12127,Interior Cabin
9756,Balcony Cabin
10628,Balcony Superior Cabin
9120,Balcony Superior Cabin
15080,Superior Suite
12098,Balcony Cabin
13038,Superior Suite
13512,Superior Suite
10728,Balcony Cabin
11690,Balcony Superior Cabin
13085,Interior Cabin
8608,Balcony Cabin
11636,Balcony Superior Cabin
11293,Interior Cabin
12187,Interior Cabin
5068,Seaview Cabin
8520,Balcony Superior Cabin
10180,Balcony Superior Cabin
9288,Balcony Cabin
9228,Balcony Cabin
11568,Balcony Cabin
12116,Balcony Superior Cabin
11116,Balcony Superior Cabin
8522,Balcony Superior Cabin
11702,Balcony Cabin
15526,Superior Suite
13582,Balcony Superior Cabin
9286,Balcony Cabin
5593,Interior Cabin
11582,Balcony Cabin
15072,Superior Suite (ADA)
8001,Interior Cabin
10122,Balcony Superior Cabin
12556,Balcony Cabin
11758,Balcony Cabin
9202,Balcony Cabin
9212,Balcony Cabin
12136,Balcony Superior Cabin
8032,Balcony Superior Cabin
9572,Balcony Cabin
9696,Balcony Superior Cabin
11686,Balcony Superior Cabin
10678,Balcony Superior Cabin
9600,Balcony Cabin
12680,Balcony Superior Cabin
12598,Balcony Cabin
11587,Interior Cabin
5095,Interior Cabin
13121,Interior Cabin
8510,Interior Cabin
12132,Balcony Superior Cabin
11182,Balcony Superior Cabin
9652,Balcony Superior Cabin
9130,Balcony Superior Cabin
13592,Balcony Superior Cabin
12178,Balcony Superior Cabin
11533,Interior Cabin
10152,Balcony Superior Cabin
11583,Interior Cabin
8062,Balcony Cabin
11282,Balcony Cabin
11569,Interior Cabin
5500,Seaview Superior Cabin
13011,Interior Cabin
8588,Balcony Cabin
5552,Seaview Cabin
11066,Balcony Cabin
5091,Interior Cabin
13015,Interior Cabin
11122,Balcony Superior Cabin
8008,Interior Cabin
12081,Interior Cabin
12099,Interior Cabin
12572,Balcony Cabin
13628,Balcony Superior Cabin
11782,Balcony Cabin
13078,Balcony Superior Cabin
9082,Balcony Cabin
11275,Interior Cabin
9278,Balcony Cabin
10720,Balcony Cabin
17268,Superior Suite
10696,Balcony Superior Cabin
10692,Balcony Superior Cabin
12175,Interior Cabin
13073,Interior Cabin
15578,Superior Suite
12197,Interior Cabin
12622,Balcony Superior Cabin
12125,Interior Cabin
8007,Interior Cabin
9009,Interior Cabin
12720,Balcony Cabin
13666,Balcony Cabin
8556,Balcony Superior Cabin
9236,Balcony Cabin
11530,Balcony Cabin
5589,Interior Cabin
15026,Superior Suite
9516,Balcony Cabin
5066,Seaview Cabin
9198,Balcony Superior Cabin
9660,Balcony Cabin
13576,Balcony Superior Cabin
9080,Balcony Cabin
8532,Balcony Superior Cabin
11538,Balcony Cabin
9590,Balcony Cabin
5019,Interior Cabin
13095,Interior Cabin
5526,Seaview Cabin
9722,Balcony Cabin
8102,Balcony Cabin
9013,Interior Cabin
5076,Seaview Cabin
9628,Balcony Superior Cabin
9182,Balcony Superior Cabin
5096,Seaview Cabin
9060,Balcony Cabin
9136,Balcony Superior Cabin
12128,Balcony Superior Cabin
11551,Interior Cabin
12193,Interior Cabin
9692,Balcony Superior Cabin
5025,Interior Cabin
9766,Balcony Cabin
13130,Balcony Superior Cabin
10686,Balcony Superior Cabin
13129,Interior Cabin
9180,Balcony Superior Cabin
12668,Balcony Cabin
9770,Balcony Cabin
9528,Balcony Cabin
12686,Balcony Superior Cabin
15560,Superior Suite
9786,Balcony Cabin
8022,Balcony Superior Cabin
9796,Balcony Cabin
15586,Superior Suite
11193,Interior Cabin
9210,Balcony Cabin
9798,Balcony Cabin
5007,Interior Cabin
9752,Balcony Cabin
13086,Balcony Superior Cabin
9620,Balcony Superior Cabin
9566,Balcony Cabin
5503,Interior Cabin
11531,Interior Cabin
5531,Interior Cabin
10782,Balcony Cabin
10692,Balcony Superior Cabin
11756,Balcony Cabin
11688,Balcony Superior Cabin
15568,Superior Suite
10656,Balcony Superior Cabin
11250,Balcony Cabin
8552,Balcony Superior Cabin
9232,Balcony Cabin
13592,Balcony Superior Cabin
9072,Balcony Cabin
9738,Balcony Cabin
10626,Balcony Superior Cabin
9668,Balcony Cabin
9282,Balcony Cabin
8526,Balcony Superior Cabin
5108,Seaview Cabin
11708,Balcony Cabin
11636,Balcony Superior Cabin
13530,Superior Suite
11528,Balcony Cabin
13127,Interior Cabin
9220,Balcony Cabin
5100,Seaview Cabin
10636,Balcony Superior Cabin
13088,Balcony Superior Cabin
9780,Balcony Cabin
5080,Seaview Cabin
5061,Interior Cabin
9290,Balcony Cabin
9296,Balcony Cabin
5055,Interior Cabin
9065,Interior Cabin
10786,Balcony Cabin
9012,Balcony Cabin
13080,Balcony Superior Cabin
12059,Interior Cabin
8556,Balcony Superior Cabin
9230,Balcony Cabin
9728,Balcony Cabin
13618,Balcony Superior Cabin
13119,Interior Cabin
9656,Balcony Superior Cabin
9632,Balcony Superior Cabin
11632,Balcony Superior Cabin
5057,Interior Cabin
9750,Balcony Cabin
5585,Interior Cabin
10678,Balcony Superior Cabin
11650,Balcony Superior Cabin
10688,Balcony Superior Cabin
13122,Balcony Superior Cabin
11537,Interior Cabin
11682,Balcony Superior Cabin
12126,Balcony Superior Cabin
5110,Seaview Cabin
10762,Balcony Cabin
11120,Balcony Superior Cabin
13210,Balcony Cabin
12275,Interior Cabin
5567,Interior Cabin
11790,Grand Suite
15018,Superior Suite
9067,Interior Superior Cabin (ADA)
11236,Balcony Cabin
8506,Interior Cabin
15558,Superior Suite
11553,Interior Cabin
9578,Balcony Cabin
10136,Balcony Superior Cabin
15022,Superior Suite
10800,Balcony Superior Cabin (ADA)
8002,Interior Cabin
12680,Balcony Superior Cabin
5092,Seaview Cabin
9208,Balcony Cabin
8536,Balcony Superior Cabin
9031,Interior Cabin
11138,Balcony Superior Cabin
11716,Balcony Cabin
8018,Balcony Superior Cabin
12181,Interior Cabin
13618,Balcony Superior Cabin
9680,Balcony Superior Cabin
16228,Signature Suite
11128,Balcony Superior Cabin
5566,Seaview Cabin
8003,Interior Cabin
5099,Interior Cabin
8013,Interior Cabin
13586,Balcony Superior Cabin
9192,Balcony Superior Cabin
11750,Balcony Cabin
11252,Balcony Cabin
13091,Interior Cabin
9062,Balcony Cabin
9592,Balcony Cabin
11561,Interior Cabin
12176,Balcony Superior Cabin
13128,Balcony Superior Cabin
5035,Interior Cabin
5538,Seaview Cabin
13620,Balcony Superior Cabin
5009,Interior Cabin
9068,Balcony Cabin
16188,Signature Suite
11620,Balcony Superior Cabin
9128,Balcony Superior Cabin
12185,Interior Cabin
12177,Interior Cabin
11290,Grand Suite
9300,Grand Suite
5027,Interior Cabin
8056,Balcony Superior Cabin
9196,Balcony Superior Cabin
15062,Superior Suite
11190,Balcony Superior Cabin
5102,Seaview Cabin
5033,Interior Cabin
11720,Balcony Cabin
11626,Balcony Superior Cabin
9622,Balcony Superior Cabin
10618,Balcony Superior Cabin
11176,Balcony Superior Cabin
9138,Balcony Superior Cabin
9676,Balcony Cabin
9126,Balcony Superior Cabin
12112,Balcony Superior Cabin
13088,Balcony Superior Cabin
11618,Balcony Superior Cabin
5053,Interior Cabin
,Balcony Cabin
13588,Balcony Superior Cabin
10000,Seaview Cabin (ADA)
11120,Balcony Superior Cabin
13632,Balcony Superior Cabin
11678,Balcony Superior Cabin
9110,Balcony Cabin
11178,Balcony Superior Cabin
12230,Balcony Cabin
5570,Seaview Cabin
5077,Interior Cabin
5536,Seaview Cabin
16168,Signature Suite
9280,Balcony Cabin
15056,Superior Suite
12786,Grand Suite
11116,Balcony Superior Cabin
17338,Superior Suite
5583,Interior Cabin
9658,Balcony Superior Cabin
9298,Balcony Cabin
11628,Balcony Superior Cabin
5003,Interior Cabin
9252,Balcony Cabin
12612,Balcony Superior Cabin
12628,Balcony Superior Cabin
13582,Balcony Superior Cabin
9602,Balcony Cabin
9690,Balcony Superior Cabin
5501,Interior Cabin
5518,Seaview Cabin
9650,Balcony Superior Cabin
12626,Balcony Superior Cabin
8520,Balcony Superior Cabin
12650,Balcony Superior Cabin
10188,Balcony Superior Cabin
10190,Balcony Superior Cabin
13068,Balcony Superior Cabin
16000,Royal Villa
11126,Balcony Superior Cabin
12650,Balcony Superior Cabin
13070,Balcony Superior Cabin
9562,Balcony Cabin
8518,Balcony Superior Cabin
12636,Balcony Superior Cabin
5005,Interior Cabin
5510,Seaview Cabin
9790,Balcony Cabin
10638,Balcony Superior Cabin
13132,Balcony Superior Cabin
10178,Balcony Superior Cabin
13066,Balcony Superior Cabin
8522,Balcony Superior Cabin
5508,Seaview Cabin
5530,Seaview Cabin
9656,Balcony Superior Cabin
11718,Balcony Cabin
5528,Seaview Cabin
5572,Seaview Cabin
12690,Balcony Superior Cabin
12686,Balcony Superior Cabin
9636,Balcony Superior Cabin
5558,Seaview Cabin
9092,Balcony Cabin
12688,Balcony Superior Cabin
13570,Balcony Superior Cabin
13568,Balcony Superior Cabin
9712,Balcony Cabin
12616,Balcony Superior Cabin
11130,Balcony Superior Cabin
5553,Interior Cabin
12150,Balcony Superior Cabin
12618,Balcony Superior Cabin
13622,Balcony Superior Cabin
8020,Balcony Superior Cabin
10192,Balcony Superior Cabin
5037,Interior Cabin
5029,Interior Cabin
9120,Balcony Superior Cabin
10696,Balcony Superior Cabin
5021,Interior Cabin
9126,Balcony Superior Cabin
12130,Balcony Superior Cabin
9706,Balcony Cabin
,Interior Cabin
5522,Seaview Cabin
10688,Balcony Superior Cabin
12190,Balcony Superior Cabin
5516,Seaview Cabin
9710,Balcony Cabin
12180,Balcony Superior Cabin
13576,Balcony Superior Cabin
12620,Balcony Superior Cabin
13588,Balcony Superior Cabin
9622,Balcony Superior Cabin
9720,Balcony Cabin
11626,Balcony Superior Cabin
12176,Balcony Superior Cabin
10682,Balcony Superior Cabin
12178,Balcony Superior Cabin
13092,Balcony Superior Cabin
13090,Balcony Superior Cabin
12676,Balcony Superior Cabin
12132,Balcony Superior Cabin
12678,Balcony Superior Cabin
11152,Balcony Superior Cabin
13572,Balcony Superior Cabin
13130,Balcony Superior Cabin
11188,Balcony Superior Cabin
8036,Balcony Superior Cabin
11000,Seaview Cabin (ADA)
11650,Balcony Superior Cabin
13628,Balcony Superior Cabin
10690,Balcony Superior Cabin
9180,Balcony Superior Cabin
,Superior Suite (ADA)
13116,Balcony Superior Cabin
